{"global_step": 49999, "_timestamp": 1687185704.17602, "_runtime": 26.523409843444824, "_step": 6249, "losses/0/utility": 0.014312144368886948, "losses/0/loss": 3.0184061527252197, "losses/0/policy_gradient_loss": -0.0003407263138797134, "losses/0/value_loss": 6.314332962036133, "losses/0/entropy_loss": -1.3841973543167114, "losses/0/actor_grad_norm": 0.009465403854846954, "losses/0/critic_grad_norm": 2.35827374458313, "losses/distance": 40.800621032714844, "outer/dominated_hv": 0.0, "outer/discarded_hv": 2356.0, "outer/coverage": 1.0, "outer/error": 0.0, "_wandb": {"runtime": 25}}