{"global_step": 0, "_timestamp": 1686835242.029153, "_runtime": 5.370261192321777, "_step": 0, "_wandb": {"runtime": 4}}