{"global_step": 99840, "_timestamp": 1687267860.063085, "outer/dominated_hv": 34.0, "outer/discarded_hv": 2322.0, "outer/coverage": 1.0, "outer/error": 0.0, "_runtime": 115.72513818740845, "_step": 1941, "losses/0/utility": 0.013951086439192295, "losses/0/loss": 8.520230293273926, "losses/0/policy_gradient_loss": -1.1693530268530594e-06, "losses/0/value_loss": 17.179035186767578, "losses/0/entropy_loss": -1.385735273361206, "losses/0/actor_grad_norm": 0.008129491470754147, "losses/0/critic_grad_norm": 4.692450046539307, "losses/0/distance": 4.252167224884033, "losses/1/utility": -0.002809932455420494, "losses/1/loss": 6.859436988830566, "losses/1/policy_gradient_loss": 1.91499950119578e-07, "losses/1/value_loss": 13.857427597045898, "losses/1/entropy_loss": -1.3855407238006592, "losses/1/actor_grad_norm": 0.0034455335699021816, "losses/1/critic_grad_norm": 7.367033004760742, "losses/1/distance": 42.8538703918457, "losses/2/utility": 0.5110967755317688, "losses/2/loss": 0.07467043399810791, "losses/2/policy_gradient_loss": -0.0001460778876207769, "losses/2/value_loss": 0.2293137013912201, "losses/2/entropy_loss": -0.796806812286377, "losses/2/actor_grad_norm": 0.3186732232570648, "losses/2/critic_grad_norm": 0.14116641879081726, "losses/2/distance": 0.352295845746994, "losses/3/utility": 0.16807444393634796, "losses/3/loss": 0.4155709743499756, "losses/3/policy_gradient_loss": -0.000286559050437063, "losses/3/value_loss": 0.925010085105896, "losses/3/entropy_loss": -0.9329501986503601, "losses/3/actor_grad_norm": 0.43031737208366394, "losses/3/critic_grad_norm": 0.22225230932235718, "losses/3/distance": 1.51027512550354, "losses/4/utility": 0.0009999999310821295, "losses/4/loss": -1.657916982367169e-05, "losses/4/policy_gradient_loss": 0.0, "losses/4/value_loss": 0.0, "losses/4/entropy_loss": -0.000331583374645561, "losses/4/actor_grad_norm": 0.00012944468471687287, "losses/4/critic_grad_norm": 0.0, "losses/4/distance": 5.960464477539063e-08, "_wandb": {"runtime": 115}}