{"global_step": 49999, "_timestamp": 1687186835.0493708, "_runtime": 25.34837579727173, "_step": 6249, "losses/0/utility": 0.013068619184195995, "losses/0/loss": 22.12723731994629, "losses/0/policy_gradient_loss": 0.00557614304125309, "losses/0/value_loss": 44.51975631713867, "losses/0/entropy_loss": -1.3821818828582764, "losses/0/actor_grad_norm": 0.024388005957007408, "losses/0/critic_grad_norm": 132.09579467773438, "losses/0/distance": 42.91086196899414, "outer/dominated_hv": 0.0, "outer/discarded_hv": 2356.0, "outer/coverage": 1.0, "outer/error": 0.0, "_wandb": {"runtime": 24}}