{"global_step": 49999, "_timestamp": 1686842987.659868, "_runtime": 32.984774112701416, "_step": 3125, "losses/0/utility": 0.1038130596280098, "losses/0/loss": 7.4774699211120605, "losses/0/policy_gradient_loss": 0.019061213359236717, "losses/0/value_loss": 14.934294700622559, "losses/0/entropy_loss": -0.8738319277763367, "losses/0/actor_grad_norm": 0.14080063998699188, "losses/0/critic_grad_norm": 216.16722106933594, "_wandb": {"runtime": 32}}