{"global_step": 49999, "_timestamp": 1687267819.695999, "outer/dominated_hv": 168.0, "outer/discarded_hv": 2188.0, "outer/coverage": 1.0, "outer/error": 0.0, "_runtime": 112.71801686286926, "_step": 31241, "losses/0/utility": 0.03234802186489105, "losses/0/loss": 31.437702178955078, "losses/0/policy_gradient_loss": -0.011648104526102543, "losses/0/value_loss": 63.034950256347656, "losses/0/entropy_loss": -1.3624835014343262, "losses/0/actor_grad_norm": 0.007347531616687775, "losses/0/critic_grad_norm": 13.379096984863281, "losses/0/distance": 14.329100608825684, "losses/1/utility": -0.0879969447851181, "losses/1/loss": 20.861825942993164, "losses/1/policy_gradient_loss": 0.006933673284947872, "losses/1/value_loss": 41.844871520996094, "losses/1/entropy_loss": -1.3508596420288086, "losses/1/actor_grad_norm": 0.09318934381008148, "losses/1/critic_grad_norm": 48.113285064697266, "losses/1/distance": 72.04779815673828, "losses/2/utility": 0.03695233538746834, "losses/2/loss": 9.915654182434082, "losses/2/policy_gradient_loss": 0.05322999134659767, "losses/2/value_loss": 19.831798553466797, "losses/2/entropy_loss": -1.0695117712020874, "losses/2/actor_grad_norm": 0.4280186891555786, "losses/2/critic_grad_norm": 25.33671760559082, "losses/2/distance": 1.9691920280456543, "losses/3/utility": 0.31301701068878174, "losses/3/loss": 66.4436264038086, "losses/3/policy_gradient_loss": 0.2646068036556244, "losses/3/value_loss": 132.44558715820312, "losses/3/entropy_loss": -0.8755505084991455, "losses/3/actor_grad_norm": 0.5279478430747986, "losses/3/critic_grad_norm": 62.77474594116211, "losses/3/distance": 6.149112701416016, "losses/4/utility": 0.002292567165568471, "losses/4/loss": -0.00019723974401131272, "losses/4/policy_gradient_loss": 8.047930322163666e-08, "losses/4/value_loss": 3.9919100913721195e-08, "losses/4/entropy_loss": -0.003946803510189056, "losses/4/actor_grad_norm": 0.0012686914997175336, "losses/4/critic_grad_norm": 0.00042463469435460865, "losses/4/distance": 0.0002729042316786945, "_wandb": {"runtime": 111}}