{"global_step": 49999, "_timestamp": 1687185957.4643872, "_runtime": 146.100084066391, "_step": 43737, "losses/0/utility": 0.013290029019117355, "losses/0/loss": 2.8946027755737305, "losses/0/policy_gradient_loss": -0.00013726833276450634, "losses/0/value_loss": 6.066662788391113, "losses/0/entropy_loss": -1.3859118223190308, "losses/0/actor_grad_norm": 0.002417737850919366, "losses/0/critic_grad_norm": 3.9719932079315186, "losses/distance": 2.6656007889869215e-07, "outer/dominated_hv": 99.0, "outer/discarded_hv": 2257.0, "outer/coverage": 1.0, "outer/error": 0.0, "losses/1/utility": -0.02645130082964897, "losses/1/loss": 2.8990020751953125, "losses/1/policy_gradient_loss": 0.002026230562478304, "losses/1/value_loss": 6.071088790893555, "losses/1/entropy_loss": -1.3856873512268066, "losses/1/actor_grad_norm": 0.005395056679844856, "losses/1/critic_grad_norm": 74.79464721679688, "losses/2/utility": -0.05071856454014778, "losses/2/loss": 5.098451614379883, "losses/2/policy_gradient_loss": -0.0010171174071729183, "losses/2/value_loss": 10.475983619689941, "losses/2/entropy_loss": -1.3852310180664062, "losses/2/actor_grad_norm": 0.014259380288422108, "losses/2/critic_grad_norm": 10.845823287963867, "losses/3/utility": 0.33713263273239136, "losses/3/loss": 0.9564927816390991, "losses/3/policy_gradient_loss": -0.1102435439825058, "losses/3/value_loss": 2.367858409881592, "losses/3/entropy_loss": -1.171928882598877, "losses/3/actor_grad_norm": 0.4267582893371582, "losses/3/critic_grad_norm": 3.8482437133789062, "losses/4/utility": 0.5621442198753357, "losses/4/loss": 5.066889762878418, "losses/4/policy_gradient_loss": -0.23058660328388214, "losses/4/value_loss": 10.782936096191406, "losses/4/entropy_loss": -0.9399173259735107, "losses/4/actor_grad_norm": 0.6464613676071167, "losses/4/critic_grad_norm": 9.078879356384277, "losses/5/utility": -1.0613607168197632, "losses/5/loss": 0.9655061960220337, "losses/5/policy_gradient_loss": 0.20292770862579346, "losses/5/value_loss": 1.6895149946212769, "losses/5/entropy_loss": -0.8217895030975342, "losses/5/actor_grad_norm": 0.6751888394355774, "losses/5/critic_grad_norm": 3.9853665828704834, "losses/6/utility": 0.0024997612927109003, "losses/6/loss": -0.0003856309049297124, "losses/6/policy_gradient_loss": 1.6596807261848312e-10, "losses/6/value_loss": 9.237055564881302e-14, "losses/6/entropy_loss": -0.003856310620903969, "losses/6/actor_grad_norm": 0.0026344661600887775, "losses/6/critic_grad_norm": 1.463670855628152e-06, "_wandb": {"runtime": 145}}