{"global_step": 49999, "_timestamp": 1686835687.450284, "_runtime": 236.69887804985046, "_step": 35000, "losses/0/utility": 0.010631083510816097, "losses/0/loss": 7.069834232330322, "losses/0/policy_gradient_loss": 0.01124696247279644, "losses/0/value_loss": 14.143730163574219, "losses/0/entropy_loss": -1.3278230428695679, "losses/0/actor_grad_norm": 0.04736752063035965, "losses/0/critic_grad_norm": 53.10918045043945, "losses/1/utility": 0.012019392102956772, "losses/1/loss": 5.220546722412109, "losses/1/policy_gradient_loss": 0.021729467436671257, "losses/1/value_loss": 10.42396068572998, "losses/1/entropy_loss": -1.3163248300552368, "losses/1/actor_grad_norm": 0.15335920453071594, "losses/1/critic_grad_norm": 63.00564193725586, "losses/2/utility": 0.027873631566762924, "losses/2/loss": 1.4737930297851562, "losses/2/policy_gradient_loss": 0.008887032978236675, "losses/2/value_loss": 2.9571328163146973, "losses/2/entropy_loss": -1.3660478591918945, "losses/2/actor_grad_norm": 0.00876409187912941, "losses/2/critic_grad_norm": 13.987183570861816, "losses/3/utility": -0.4208482801914215, "losses/3/loss": 4.8243842124938965, "losses/3/policy_gradient_loss": 0.04941268265247345, "losses/3/value_loss": 9.572815895080566, "losses/3/entropy_loss": -1.1436697244644165, "losses/3/actor_grad_norm": 0.11727287620306015, "losses/3/critic_grad_norm": 33.86367416381836, "losses/4/utility": 0.08495686203241348, "losses/4/loss": 1.673872470855713, "losses/4/policy_gradient_loss": 0.05006961151957512, "losses/4/value_loss": 3.2713751792907715, "losses/4/entropy_loss": -1.1884691715240479, "losses/4/actor_grad_norm": 0.051489364355802536, "losses/4/critic_grad_norm": 15.887470245361328, "losses/5/utility": -1.4533696174621582, "losses/5/loss": 40.249664306640625, "losses/5/policy_gradient_loss": 0.2081286609172821, "losses/5/value_loss": 80.11007690429688, "losses/5/entropy_loss": -1.3504194021224976, "losses/5/actor_grad_norm": 0.3860999643802643, "losses/5/critic_grad_norm": 62.67238998413086, "losses/6/utility": -2.0058538913726807, "losses/6/loss": 104.31558227539062, "losses/6/policy_gradient_loss": -0.03232536464929581, "losses/6/value_loss": 208.70272827148438, "losses/6/entropy_loss": -0.3453661799430847, "losses/6/actor_grad_norm": 2.4388327598571777, "losses/6/critic_grad_norm": 540.591064453125, "_wandb": {"runtime": 236}}