{"global_step": 49999, "_timestamp": 1687186945.873976, "_runtime": 94.89325308799744, "_step": 24993, "losses/0/utility": 0.013904794119298458, "losses/0/loss": 3.4075746536254883, "losses/0/policy_gradient_loss": 0.00014264343190006912, "losses/0/value_loss": 7.09204626083374, "losses/0/entropy_loss": -1.3859115839004517, "losses/0/actor_grad_norm": 0.0026771228294819593, "losses/0/critic_grad_norm": 3.9057278633117676, "losses/0/distance": 8.212271690368652, "outer/dominated_hv": 40.0, "outer/discarded_hv": 2316.0, "outer/coverage": 1.0, "outer/error": 0.0, "losses/1/utility": -0.020028933882713318, "losses/1/loss": 1.4546196460723877, "losses/1/policy_gradient_loss": -0.0003582885256037116, "losses/1/value_loss": 3.1871814727783203, "losses/1/entropy_loss": -1.3861280679702759, "losses/1/actor_grad_norm": 0.004608729854226112, "losses/1/critic_grad_norm": 42.175559997558594, "losses/1/distance": 17.535276412963867, "losses/2/utility": 0.29587769508361816, "losses/2/loss": 1.537558674812317, "losses/2/policy_gradient_loss": -0.016316402703523636, "losses/2/value_loss": 3.382913589477539, "losses/2/entropy_loss": -1.3758171796798706, "losses/2/actor_grad_norm": 0.11298688501119614, "losses/2/critic_grad_norm": 2.840212106704712, "losses/2/distance": 7.382633209228516, "losses/3/utility": 0.42092132568359375, "losses/3/loss": 2.205544948577881, "losses/3/policy_gradient_loss": -0.05536041036248207, "losses/3/value_loss": 4.77842903137207, "losses/3/entropy_loss": -1.2830917835235596, "losses/3/actor_grad_norm": 0.4441467821598053, "losses/3/critic_grad_norm": 7.136621952056885, "losses/3/distance": 43.66385269165039, "_wandb": {"runtime": 94}}