{"global_step": 0, "_timestamp": 1686843060.295883, "_runtime": 5.073019027709961, "_step": 0, "_wandb": {"runtime": 4}}