{"global_step": 49999, "_timestamp": 1686836699.596291, "_runtime": 36.275542974472046, "_step": 5000, "losses/0/utility": 0.010631083510816097, "losses/0/loss": 7.069834232330322, "losses/0/policy_gradient_loss": 0.01124696247279644, "losses/0/value_loss": 14.143730163574219, "losses/0/entropy_loss": -1.3278230428695679, "losses/0/actor_grad_norm": 0.04736752063035965, "losses/0/critic_grad_norm": 53.10918045043945, "_wandb": {"runtime": 35}}