{"global_step": 0, "_timestamp": 1686835097.27476, "_runtime": 6.736345052719116, "_step": 0, "_wandb": {"runtime": 6}}