{"global_step": 49999, "_timestamp": 1687186699.37956, "_runtime": 159.85666799545288, "_step": 43737, "losses/0/utility": 0.013290029019117355, "losses/0/loss": 2.8946027755737305, "losses/0/policy_gradient_loss": -0.00013726833276450634, "losses/0/value_loss": 6.066662788391113, "losses/0/entropy_loss": -1.3859118223190308, "losses/0/actor_grad_norm": 0.002417737850919366, "losses/0/critic_grad_norm": 3.9719932079315186, "losses/1/distance": 3.7655560970306396, "outer/dominated_hv": 99.0, "outer/discarded_hv": 2257.0, "outer/coverage": 1.0, "outer/error": 0.0, "losses/1/utility": -0.026708409190177917, "losses/1/loss": 2.770643711090088, "losses/1/policy_gradient_loss": 0.0017938637174665928, "losses/1/value_loss": 5.8147969245910645, "losses/1/entropy_loss": -1.385486364364624, "losses/1/actor_grad_norm": 0.007904352620244026, "losses/1/critic_grad_norm": 69.97313690185547, "losses/2/distance": 6.442193031311035, "losses/2/utility": -0.050617340952157974, "losses/2/loss": 5.080038070678711, "losses/2/policy_gradient_loss": -0.003054527100175619, "losses/2/value_loss": 10.443338394165039, "losses/2/entropy_loss": -1.3857674598693848, "losses/2/actor_grad_norm": 0.017912164330482483, "losses/2/critic_grad_norm": 17.406169891357422, "losses/3/distance": 3.2338273525238037, "losses/3/utility": 0.4629523754119873, "losses/3/loss": 6.00774621963501, "losses/3/policy_gradient_loss": 0.18708084523677826, "losses/3/value_loss": 11.895209312438965, "losses/3/entropy_loss": -1.2693932056427002, "losses/3/actor_grad_norm": 0.9992931485176086, "losses/3/critic_grad_norm": 13.594573020935059, "losses/4/distance": 2.3758370876312256, "losses/4/utility": 0.46115878224372864, "losses/4/loss": 2.742824077606201, "losses/4/policy_gradient_loss": 0.1615905910730362, "losses/4/value_loss": 5.369069576263428, "losses/4/entropy_loss": -1.0330133438110352, "losses/4/actor_grad_norm": 0.31572186946868896, "losses/4/critic_grad_norm": 12.607027053833008, "losses/5/distance": 3.7920308113098145, "losses/5/utility": 0.48411044478416443, "losses/5/loss": 0.7924057245254517, "losses/5/policy_gradient_loss": 0.031313858926296234, "losses/5/value_loss": 1.7511569261550903, "losses/5/entropy_loss": -1.1448657512664795, "losses/5/actor_grad_norm": 0.3243134617805481, "losses/5/critic_grad_norm": 8.262561798095703, "losses/6/distance": 43.893394470214844, "losses/6/utility": 0.0025000597815960646, "losses/6/loss": -6.075573401176371e-05, "losses/6/policy_gradient_loss": 3.0771394547018938e-12, "losses/6/value_loss": 3.552713678800501e-15, "losses/6/entropy_loss": -0.0006075573619455099, "losses/6/actor_grad_norm": 0.00047592329792678356, "losses/6/critic_grad_norm": 1.028745231224093e-07, "losses/7/distance": 5.960464477539063e-08, "_wandb": {"runtime": 159}}