{"global_step": 49999, "_timestamp": 1687185613.7534158, "_runtime": 28.66010093688965, "_step": 6249, "losses/0/utility": 0.013557512313127518, "losses/0/loss": 1.5911002159118652, "losses/0/policy_gradient_loss": -0.00027726925327442586, "losses/0/value_loss": 3.4597983360290527, "losses/0/entropy_loss": -1.3852169513702393, "losses/0/actor_grad_norm": 0.00321002583950758, "losses/0/critic_grad_norm": 1.086780309677124, "losses/distance": 41.84396743774414, "outer/dominated_hv": 0.0, "outer/discarded_hv": 2356.0, "outer/coverage": 1.0, "outer/error": 0.0, "_wandb": {"runtime": 28}}